AuditsCompleted,AuditsInProgress,AuditsNotCompleted,AllProjects
Eco-Friendly Products,Green Earth Alliance,Green Earth Farm,Green Earth Farm
Quality Control Services,Earthy Delights,Fresh Harvest Foods,Fresh Harvest Foods
Standard Compliance Inc.,Harvest Moon Farms,Sunshine Organics,Sunshine Organics
ISO Solutions Group,Fresh Pick Organics,Safe Food Solutions,Safe Food Solutions
Quality Management Systems,Green Earth Organics,Agro Pride Farms,Agro Pride Farms
Compliance Experts,Food Safety Solutions,Fresh Produce Inc.,Fresh Produce Inc.
Standardization Services,Pure Harvest Organics,Green Thumb Produce,Green Thumb Produce
Quality Assurance Partners,Quality Food Services,Quality Food Services,Quality Food Services
Management Systems Inc.,Sustainable Harvesting,Farm Fresh Delights,Farm Fresh Delights
ISO Certification Services,Safe Food Partners,Organic Harvest Co.,Organic Harvest Co.
Quality Systems Solutions,Organic Valley Produce,Nature's Bounty Foods,Nature's Bounty Foods
Agri-Produce Ltd.,Farm Fresh Delights,Pure Harvest Organics,Pure Harvest Organics
Food Safety Alliance,Harvest Foods Solutions,Safe Taste Foods,Safe Taste Foods
Green Harvest Farms,Green Valley Organics,Fresh Start Canning,Fresh Start Canning
Pure Food Company,Food Quality Control,Green Valley Foods,Green Valley Foods
Organic Valley Farms,Eco-Friendly Foods,Quality Control Foods,Quality Control Foods
Fresh Food Solutions,Nature's Bounty Organics,Tasty Harvest Foods,Tasty Harvest Foods
Safe Harvest Foods,Fresh Harvest Solutions,Fresh Pick Foods,Fresh Pick Foods
Quality Food Alliance,Quality Harvest Partners,Organic Delights Inc.,Organic Delights Inc.
Harvest Delights Foods,Sustainable Food Systems,Food Safety First,Food Safety First
Eco-Friendly Foods,Eco-Friendly Harvest,Oakwood Farm,Oakwood Farm
Farm Fresh Produce,Harvest Delights Foods,Green Acres Plantation,Green Acres Plantation
Organic Produce Inc.,Organic Produce Inc.,Sunshine Farm,Sunshine Farm
Food Quality Control,Food Quality Control,Blooming Gardens Farm,Blooming Gardens Farm
Safe Food Solutions,Safe Food Solutions,Hillside Farm,Hillside Farm
Green Earth Foods,Green Valley Produce,River View Plantation,River View Plantation
Nature's Own Organics,Quality Harvest Foods,Green Earth Farm,Green Earth Farm
Fresh Harvest Delights,Fresh Produce Solutions,Fresh Harvest Farm,Fresh Harvest Farm
Quality Food Partners,Safe Food Systems,Organic Farm Solutions,Organic Farm Solutions
Sustainable Food Systems,Organic Delights Foods,Sustainable Agriculture,Sustainable Agriculture
Eco-Friendly Harvest,Food Quality Alliance,Food Craft Inc.,Food Craft Inc.
Harvest Delights Inc.,Green Thumb Organics,Quality Food Processing,Quality Food Processing
Organic Farm Products,Pure Harvest Foods,Safe Food Manufacturing,Safe Food Manufacturing
Food Safety Alliance,Food Safety Experts,Organic Food Solutions,Organic Food Solutions
Green Earth Foods,Sustainable Harvest,Green Food Processing,Green Food Processing
Quality Food Partners,Eco-Friendly Food Solutions,Fresh Food Products,Fresh Food Products
Fresh Produce Solutions,Quality Food Systems,Harvest Food Manufacturing,Harvest Food Manufacturing
Safe Food Systems,Organic Harvest Solutions,Pure Food Processing,Pure Food Processing
Organic Delights Foods,Fresh Food Alliance,Safe Taste Manufacturing,Safe Taste Manufacturing
Food Quality Alliance,Safe Harvest Solutions,Food Safety Solutions,Food Safety Solutions
Harvest Fresh Foods,Green Earth Alliance,Tropical Plantations Inc.,Tropical Plantations Inc.
Green Thumb Farms,Earthy Delights Foods,Sustainable Forestry Co.,Sustainable Forestry Co.
Pure Harvest Foods,Harvest Moon Organics,Eco-Friendly Farming,Eco-Friendly Farming
Food Safety Experts,Fresh Pick Foods,Rainforest Harvesting,Rainforest Harvesting
Sustainable Harvest,Green Earth Organics,Green Earth Plantations,Green Earth Plantations
Eco-Friendly Food Solutions,Food Safety Solutions,Conservation Agriculture,Conservation Agriculture
Quality Food Systems,Pure Harvest Partners,Eco-System Services,Eco-System Services
Organic Harvest Solutions,Quality Food Services,Sustainable Harvesting,Sustainable Harvesting
Fresh Food Alliance,Sustainable Harvesting,Forest Products Inc.,Forest Products Inc.
Safe Harvest Solutions,Safe Food Partners,,Eco-Friendly Products
Harvest Foods Inc.,Organic Valley Produce,,Quality Control Services
Organic Farm Products,Farm Fresh Solutions,,Standard Compliance Inc.
Food Safety Alliance,,,ISO Solutions Group
Green Earth Foods,,,Quality Management Systems
Nature's Own Organics,,,Compliance Experts
Fresh Harvest Delights,,,Standardization Services
Quality Food Partners,,,Quality Assurance Partners
Sustainable Food Systems,,,Management Systems Inc.
Eco-Friendly Harvest,,,ISO Certification Services
Harvest Delights Inc.,,,Quality Systems Solutions
Organic Farm Products,,,Agri-Produce Ltd.
Food Safety Alliance,,,Food Safety Alliance
Green Earth Foods,,,Green Harvest Farms
Quality Food Partners,,,Pure Food Company
Fresh Produce Solutions,,,Organic Valley Farms
Safe Food Systems,,,Fresh Food Solutions
Organic Delights Foods,,,Safe Harvest Foods
Food Quality Alliance,,,Quality Food Alliance
Harvest Fresh Foods,,,Harvest Delights Foods
Green Earth Farm,,,Eco-Friendly Foods
Fresh Harvest Foods,,,Farm Fresh Produce
Sunshine Organics,,,Organic Produce Inc.
Safe Food Solutions,,,Food Quality Control
Agro Pride Farms,,,Safe Food Solutions
Fresh Produce Inc.,,,Green Earth Foods
Green Thumb Produce,,,Nature's Own Organics
Quality Food Services,,,Fresh Harvest Delights
Farm Fresh Delights,,,Quality Food Partners
Organic Harvest Co.,,,Sustainable Food Systems
c,,,Eco-Friendly Harvest
Pure Harvest Organics,,,Harvest Delights Inc.
Safe Taste Foods,,,Organic Farm Products
Fresh Start Canning,,,Food Safety Alliance
Green Valley Foods,,,Green Earth Foods
Quality Control Foods,,,Quality Food Partners
Tasty Harvest Foods,,,Fresh Produce Solutions
Fresh Pick Foods,,,Safe Food Systems
Organic Delights Inc.,,,Organic Delights Foods
Food Safety First,,,Food Quality Alliance
Oakwood Farm,,,Harvest Fresh Foods
Green Acres Plantation,,,Green Thumb Farms
Sunshine Farm,,,Pure Harvest Foods
Blooming Gardens Farm,,,Food Safety Experts
Hillside Farm,,,Sustainable Harvest
River View Plantation,,,Eco-Friendly Food Solutions
Green Earth Farm,,,Quality Food Systems
Fresh Harvest Farm,,,Organic Harvest Solutions
Organic Farm Solutions,,,Fresh Food Alliance
Akpene Farms,,,Safe Harvest Solutions
Ghana Organic Produce,,,Green Earth Alliance
Golden Harvest Foods,,,Earthy Delights
Sunsum Harvest,,,Harvest Moon Farms
Quality Food Solutions Ghana,,,Fresh Pick Organics
Ghana Fresh Produce,,,Green Earth Organics
Earthy Delights Foods,,,Food Safety Solutions
Nana Farms,,,Pure Harvest Organics
Pure Harvest Ghana,,,Quality Food Services
Food Safety Alliance Ghana,,,Sustainable Harvesting
Green Earth Farms,,,Safe Food Partners
Twi Food Products,,,Organic Valley Produce
Volta Fresh Produce,,,Farm Fresh Delights
Ghana Organic Valley,,,Harvest Foods Solutions
Sustainable Harvest Ghana,,,Green Valley Organics
Eco-Friendly Foods Ghana,,,Food Quality Control
Ahafo Farms,,,Eco-Friendly Foods
Quality Harvest Foods,,,Nature's Bounty Organics
Brong Ahafo Produce,,,Fresh Harvest Solutions
Ghana Food Safety Solutions,,,Quality Harvest Partners
Kumasi Fresh Foods,,,Sustainable Food Systems
Northern Star Farms,,,Eco-Friendly Harvest
Akuafo Farms,,,Harvest Delights Foods
Agyeman Organics,,,Organic Produce Inc.
Fosu Farms,,,Food Quality Control
Kofi Foods,,,Safe Food Solutions
Adjoa Fresh Produce,,,Green Valley Produce
Kwame Harvest,,,Quality Harvest Foods
Abuakwa Foods,,,Fresh Produce Solutions
Gyamfi Organics,,,Safe Food Systems
Ntow Foods,,,Organic Delights Foods
Afriyie Farms,,,Food Quality Alliance
Amponsah Produce,,,Green Thumb Organics
Boadi Harvest,,,Pure Harvest Foods
Kumi Foods,,,Food Safety Experts
Sarpong Organics,,,Sustainable Harvest
Ofori Farms,,,Eco-Friendly Food Solutions
Agyekum Fresh Produce,,,Quality Food Systems
Bonsu Foods,,,Organic Harvest Solutions
Owusu Organics,,,Fresh Food Alliance
Yirenkyi Farms,,,Safe Harvest Solutions
Mensah Harvest,,,Green Earth Alliance
Adusei Produce,,,Earthy Delights Foods
Aidoo Foods,,,Harvest Moon Organics
Kyei Organics,,,Fresh Pick Foods
Darko Farms,,,Green Earth Organics
Nkrumah Harvest,,,Food Safety Solutions
Annan Foods,,,Pure Harvest Partners
Amoako Organics,,,Quality Food Services
Boakye Farms,,,Sustainable Harvesting
Arthur Foods,,,Safe Food Partners
Yaa Fresh Produce,,,Organic Valley Produce
Ansu Farms,,,Farm Fresh Solutions
Kwabena Organics,,,Harvest Foods Inc.
Addo Foods,,,Organic Farm Products
Agyeman Harvest,,,Food Safety Alliance
Baffoe Farms,,,Green Earth Foods
Kumi Produce,,,Nature's Own Organics
Sika Foods,,,Fresh Harvest Delights
Osei Organics,,,Quality Food Partners
Kofi Adu Farms,,,Sustainable Food Systems
Amoah Foods,,,Eco-Friendly Harvest
Ntow Produce,,,Harvest Delights Inc.
Afriyie Organics,,,Organic Farm Products
Agyekum Harvest,,,Food Safety Alliance
Gyamfi Foods,,,Green Earth Foods
Boadi Produce,,,Quality Food Partners
Kwame Anim Farms,,,Fresh Produce Solutions
Agyei Organics,,,Safe Food Systems
Mensah Foods,,,Organic Delights Foods
Kwadwo Harvest,,,Food Quality Alliance
Adjoa Produce,,,Harvest Fresh Foods
Abuakwa Foods,,,Green Earth Farm
Fosu Organics,,,Fresh Harvest Foods
Nana Foods,,,Sunshine Organics
Yaw Fresh Produce,,,Safe Food Solutions
Kofi Owusu Farms,,,Agro Pride Farms
Akoto Farms,,,Fresh Produce Inc.
Amponsah Organics,,,Green Thumb Produce
Bonsu Produce,,,Quality Food Services
Sarpong Foods,,,Farm Fresh Delights
Ofori Harvest,,,Organic Harvest Co.
Kwame Owusu Farms Ltd,,,c
Abuakwa Foods Company Ltd,,,Pure Harvest Organics
Gyamfi Ntow Harvest Ltd,,,Safe Taste Foods
Ntow Sika Foods Ltd,,,Fresh Start Canning
Afriyie Amponsah Farms Ltd,,,Green Valley Foods
Amponsah Bonsu Produce Ltd,,,Quality Control Foods
Boadi Kumi Foods Ltd,,,Tasty Harvest Foods
Kwabena Arthur Organics Ltd,,,Fresh Pick Foods
Sarpong Ofori Farms Ltd,,,Organic Delights Inc.
Ofori Agyekum Harvest Ltd,,,Food Safety First
Agyekum Mensah Foods Ltd,,,Oakwood Farm
Bonsu Owusu Organics Ltd,,,Green Acres Plantation
Yirenkyi Kofi Farms Ltd,,,Sunshine Farm
Mensah Adusei Produce Ltd,,,Blooming Gardens Farm
Adusei Aidoo Foods Ltd,,,Hillside Farm
Kyei Darko Organics Ltd,,,River View Plantation
Darko Nana Foods Ltd,,,Green Earth Farm
Nkrumah Yaa Farms Ltd,,,Fresh Harvest Farm
Annan Kwame Harvest Ltd,,,Organic Farm Solutions
Amoako Afriyie Organics Ltd,,,Akpene Farms
Boakye Kwabena Foods Ltd,,,Ghana Organic Produce
Arthur Kwadwo Farms Ltd,,,Golden Harvest Foods
Yaw Kofi Produce Ltd,,,Sunsum Harvest
Akoto Amoah Organics Ltd,,,Quality Food Solutions Ghana
Addo Gyamfi Foods Ltd,,,Ghana Fresh Produce
Sika Afriyie Harvest Ltd,,,Earthy Delights Foods
Osei Agyeman Farms Ltd,,,Nana Farms
Agyeman Kwame Foods Ltd,,,Pure Harvest Ghana
Kwame Boadi Organics Ltd,,,Food Safety Alliance Ghana
Agyei Mensah Farms Ltd,,,Green Earth Farms
Ntow Abuakwa Produce Ltd,,,Twi Food Products
Afriyie Baffoe Foods Ltd,,,Volta Fresh Produce
Abuakwa Kumi Organics Ltd,,,Ghana Organic Valley
Fosu Owusu Farms Ltd,,,Sustainable Harvest Ghana
Kumi Sarpong Harvest Ltd,,,Eco-Friendly Foods Ghana
Gyamfi Annan Foods Ltd,,,Ahafo Farms
Baffoe Ntow Organics Ltd,,,Quality Harvest Foods
Sika Boakye Farms Ltd,,,Brong Ahafo Produce
Ofori Kofi Foods Ltd,,,Ghana Food Safety Solutions
Amoah Yirenkyi Produce Ltd,,,Kumasi Fresh Foods
Annan Darko Organics Ltd,,,Northern Star Farms
Kofi Mensah Harvest Ltd,,,Akuafo Farms
Adjoa Arthur Foods Ltd,,,Agyeman Organics
Mensah Kwadwo Farms Ltd,,,Fosu Farms
Aidoo Agyekum Organics Ltd,,,Kofi Foods
More client data:,,,Adjoa Fresh Produce
Agyemang Foods Ltd,,,Kwame Harvest
Kwabena Harvest Farms Ltd,,,Abuakwa Foods
Abuakwa Organics Ltd,,,Gyamfi Organics
Fosu Produce Company Ltd,,,Ntow Foods
Kwame Foods Solutions Ltd,,,Afriyie Farms
Adjoa Organics Ltd,,,Amponsah Produce
Boadi Harvest Farms Ltd,,,Boadi Harvest
Nkrumah Foods Ltd,,,Kumi Foods
Agyeman Produce Ltd,,,Sarpong Organics
Gyamfi Foods Ltd,,,Ofori Farms
Kumi Organics Ltd,,,Agyekum Fresh Produce
Mensah Farms Ltd,,,Bonsu Foods
Amoah Produce Ltd,,,Owusu Organics
Sarpong Foods Ltd,,,Yirenkyi Farms
Ofori Organics Ltd,,,Mensah Harvest
Annan Harvest Ltd,,,Adusei Produce
Kofi Owusu Foods Ltd,,,Aidoo Foods
Bonsu Farms Ltd,,,Kyei Organics
Aidoo Produce Ltd,,,Darko Farms
Yirenkyi Organics Ltd,,,Nkrumah Harvest
Kwabena Foods Ltd,,,Annan Foods
Addo Harvest Ltd,,,Amoako Organics
Agyekum Farms Ltd,,,Boakye Farms
Boakye Foods Ltd,,,Arthur Foods
Arthur Produce Ltd,,,Yaa Fresh Produce
Nana Foods Ltd,,,Ansu Farms
Yaw Organics Ltd,,,Kwabena Organics
Akoto Farms Ltd,,,Addo Foods
Amponsah Produce Ltd,,,Agyeman Harvest
Baffoe Foods Ltd,,,Baffoe Farms
Sika Organics Ltd,,,Kumi Produce
Kyei Harvest Ltd,,,Sika Foods
Afriyie Farms Ltd,,,Osei Organics
,,,Kofi Adu Farms
,,,Amoah Foods
,,,Ntow Produce
,,,Afriyie Organics
,,,Agyekum Harvest
,,,Gyamfi Foods
,,,Boadi Produce
,,,Kwame Anim Farms
,,,Agyei Organics
,,,Mensah Foods
,,,Kwadwo Harvest
,,,Adjoa Produce
,,,Abuakwa Foods
,,,Fosu Organics
,,,Nana Foods
,,,Yaw Fresh Produce
,,,Kofi Owusu Farms
,,,Akoto Farms
,,,Amponsah Organics
,,,Bonsu Produce
,,,Sarpong Foods
,,,Ofori Harvest
,,,Kwame Owusu Farms Ltd
,,,Abuakwa Foods Company Ltd
,,,Gyamfi Ntow Harvest Ltd
,,,Ntow Sika Foods Ltd
,,,Afriyie Amponsah Farms Ltd
,,,Amponsah Bonsu Produce Ltd
,,,Boadi Kumi Foods Ltd
,,,Kwabena Arthur Organics Ltd
,,,Sarpong Ofori Farms Ltd
,,,Ofori Agyekum Harvest Ltd
,,,Agyekum Mensah Foods Ltd
,,,Bonsu Owusu Organics Ltd
,,,Yirenkyi Kofi Farms Ltd
,,,Mensah Adusei Produce Ltd
,,,Adusei Aidoo Foods Ltd
,,,Kyei Darko Organics Ltd
,,,Darko Nana Foods Ltd
,,,Nkrumah Yaa Farms Ltd
,,,Annan Kwame Harvest Ltd
,,,Amoako Afriyie Organics Ltd
,,,Boakye Kwabena Foods Ltd
,,,Arthur Kwadwo Farms Ltd
,,,Yaw Kofi Produce Ltd
,,,Akoto Amoah Organics Ltd
,,,Addo Gyamfi Foods Ltd
,,,Sika Afriyie Harvest Ltd
,,,Osei Agyeman Farms Ltd
,,,Agyeman Kwame Foods Ltd
,,,Kwame Boadi Organics Ltd
,,,Agyei Mensah Farms Ltd
,,,Ntow Abuakwa Produce Ltd
,,,Afriyie Baffoe Foods Ltd
,,,Abuakwa Kumi Organics Ltd
,,,Fosu Owusu Farms Ltd
,,,Kumi Sarpong Harvest Ltd
,,,Gyamfi Annan Foods Ltd
,,,Baffoe Ntow Organics Ltd
,,,Sika Boakye Farms Ltd
,,,Ofori Kofi Foods Ltd
,,,Amoah Yirenkyi Produce Ltd
,,,Annan Darko Organics Ltd
,,,Kofi Mensah Harvest Ltd
,,,Adjoa Arthur Foods Ltd
,,,Mensah Kwadwo Farms Ltd
,,,Aidoo Agyekum Organics Ltd
,,,More client data:
,,,Agyemang Foods Ltd
,,,Kwabena Harvest Farms Ltd
,,,Abuakwa Organics Ltd
,,,Fosu Produce Company Ltd
,,,Kwame Foods Solutions Ltd
,,,Adjoa Organics Ltd
,,,Boadi Harvest Farms Ltd
,,,Nkrumah Foods Ltd
,,,Agyeman Produce Ltd
,,,Gyamfi Foods Ltd
,,,Kumi Organics Ltd
,,,Mensah Farms Ltd
,,,Amoah Produce Ltd
,,,Sarpong Foods Ltd
,,,Ofori Organics Ltd
,,,Annan Harvest Ltd
,,,Kofi Owusu Foods Ltd
,,,Bonsu Farms Ltd
,,,Aidoo Produce Ltd
,,,Yirenkyi Organics Ltd
,,,Kwabena Foods Ltd
,,,Addo Harvest Ltd
,,,Agyekum Farms Ltd
,,,Boakye Foods Ltd
,,,Arthur Produce Ltd
,,,Nana Foods Ltd
,,,Yaw Organics Ltd
,,,Akoto Farms Ltd
,,,Amponsah Produce Ltd
,,,Baffoe Foods Ltd
,,,Sika Organics Ltd
,,,Kyei Harvest Ltd
,,,Afriyie Farms Ltd
